{
  "project_info": {
    "project_number": "835549832968",
    "project_id": "fashionistas-a08c5",
    "storage_bucket": "fashionistas-a08c5.firebasestorage.app"
  },
  "client": [
    {
      "client_info": {
        "mobilesdk_app_id": "1:835549832968:android:5584514e75fd4ee58d2ebd",
        "android_client_info": {
          "package_name": "com.example.untitled3"
        }
      },
      "oauth_client": [],
      "api_key": [
        {
          "current_key": "AIzaSyBV0z1k81H1_StfAhlr_gyfweoCQm7moKQ"
        }
      ],
      "services": {
        "appinvite_service": {
          "other_platform_oauth_client": []
        }
      }
    }
  ],
  "configuration_version": "1"
}